-- --------------------------------------------------------
-- Host:                         127.0.0.1
-- Server version:               5.6.20 - MySQL Community Server (GPL)
-- Server OS:                    Win32
-- HeidiSQL Version:             7.0.0.4316
-- --------------------------------------------------------

/*!40101 SET @OLD_CHARACTER_SET_CLIENT=@@CHARACTER_SET_CLIENT */;
/*!40101 SET NAMES utf8 */;
/*!40014 SET @OLD_FOREIGN_KEY_CHECKS=@@FOREIGN_KEY_CHECKS, FOREIGN_KEY_CHECKS=0 */;
/*!40101 SET @OLD_SQL_MODE=@@SQL_MODE, SQL_MODE='NO_AUTO_VALUE_ON_ZERO' */;

-- Dumping database structure for hr
CREATE DATABASE IF NOT EXISTS `hr` /*!40100 DEFAULT CHARACTER SET latin1 */;
USE `hr`;


-- Dumping structure for table hr.auditparty
CREATE TABLE IF NOT EXISTS `auditparty` (
  `apname` varchar(50) NOT NULL,
  PRIMARY KEY (`apname`)
) ENGINE=InnoDB DEFAULT CHARSET=latin1;

-- Dumping data for table hr.auditparty: ~3 rows (approximately)
/*!40000 ALTER TABLE `auditparty` DISABLE KEYS */;
INSERT INTO `auditparty` (`apname`) VALUES
	('Buyer'),
	('Internal'),
	('Third Party');
/*!40000 ALTER TABLE `auditparty` ENABLE KEYS */;


-- Dumping structure for table hr.auditscope
CREATE TABLE IF NOT EXISTS `auditscope` (
  `auditscopename` varchar(50) NOT NULL,
  PRIMARY KEY (`auditscopename`)
) ENGINE=InnoDB DEFAULT CHARSET=latin1;

-- Dumping data for table hr.auditscope: ~4 rows (approximately)
/*!40000 ALTER TABLE `auditscope` DISABLE KEYS */;
INSERT INTO `auditscope` (`auditscopename`) VALUES
	('Cut to Pack'),
	('Freedom of Association (FoA)'),
	('Health and Safety'),
	('House Keeping'),
	('Working Hour');
/*!40000 ALTER TABLE `auditscope` ENABLE KEYS */;


-- Dumping structure for table hr.audittype
CREATE TABLE IF NOT EXISTS `audittype` (
  `audittyname` varchar(50) NOT NULL,
  PRIMARY KEY (`audittyname`)
) ENGINE=InnoDB DEFAULT CHARSET=latin1;

-- Dumping data for table hr.audittype: ~5 rows (approximately)
/*!40000 ALTER TABLE `audittype` DISABLE KEYS */;
INSERT INTO `audittype` (`audittyname`) VALUES
	('Certification'),
	('Environmental'),
	('Security'),
	('Social'),
	('Technical');
/*!40000 ALTER TABLE `audittype` ENABLE KEYS */;


-- Dumping structure for table hr.buyer
CREATE TABLE IF NOT EXISTS `buyer` (
  `buyername` varchar(50) NOT NULL,
  `origin` varchar(50) DEFAULT NULL,
  `local_address` varchar(50) DEFAULT NULL,
  `image` varchar(50) DEFAULT NULL,
  PRIMARY KEY (`buyername`)
) ENGINE=InnoDB DEFAULT CHARSET=latin1;

-- Dumping data for table hr.buyer: ~5 rows (approximately)
/*!40000 ALTER TABLE `buyer` DISABLE KEYS */;
INSERT INTO `buyer` (`buyername`, `origin`, `local_address`, `image`) VALUES
	('Benetton C', 'UK', 'Dhanmondi', ''),
	('H&M', 'UK', 'Gulshan', 'HM.png'),
	('KappAhl', 'UK', 'Banani', ''),
	('Lidl', 'UK', 'Banani', 'lidle.jpg'),
	('Target Inc', 'UK', 'Gulshan', 'target.png');
/*!40000 ALTER TABLE `buyer` ENABLE KEYS */;


-- Dumping structure for table hr.capreport
CREATE TABLE IF NOT EXISTS `capreport` (
  `crid` int(10) NOT NULL AUTO_INCREMENT,
  `preaid` int(10) NOT NULL DEFAULT '0',
  `cap` varchar(500) NOT NULL DEFAULT '0',
  `pr` varchar(50) NOT NULL DEFAULT '0',
  `tardate` varchar(11) NOT NULL DEFAULT '0',
  `comdate` varchar(11) NOT NULL DEFAULT '0',
  `capimage` varchar(50) NOT NULL,
  `ratings` int(11) NOT NULL,
  `status` varchar(11) NOT NULL DEFAULT '0',
  PRIMARY KEY (`crid`)
) ENGINE=InnoDB AUTO_INCREMENT=146 DEFAULT CHARSET=latin1;

-- Dumping data for table hr.capreport: ~0 rows (approximately)
/*!40000 ALTER TABLE `capreport` DISABLE KEYS */;
/*!40000 ALTER TABLE `capreport` ENABLE KEYS */;


-- Dumping structure for table hr.capreportpdf
CREATE TABLE IF NOT EXISTS `capreportpdf` (
  `capreportpdf` int(10) NOT NULL AUTO_INCREMENT,
  `factoryname` varchar(10) NOT NULL,
  `buyername` varchar(50) NOT NULL,
  `audittype` varchar(50) NOT NULL,
  `pdffile` varchar(50) NOT NULL,
  `auditdate` varchar(11) NOT NULL,
  PRIMARY KEY (`capreportpdf`)
) ENGINE=InnoDB AUTO_INCREMENT=4 DEFAULT CHARSET=latin1;

-- Dumping data for table hr.capreportpdf: ~0 rows (approximately)
/*!40000 ALTER TABLE `capreportpdf` DISABLE KEYS */;
/*!40000 ALTER TABLE `capreportpdf` ENABLE KEYS */;


-- Dumping structure for table hr.checklistcheck_item
CREATE TABLE IF NOT EXISTS `checklistcheck_item` (
  `checkitemid` int(10) NOT NULL AUTO_INCREMENT,
  `factoryname` varchar(50) NOT NULL,
  `name` varchar(50) CHARACTER SET utf8 COLLATE utf8_unicode_ci NOT NULL,
  `item` varchar(50) CHARACTER SET utf8 COLLATE utf8_unicode_ci NOT NULL,
  `yes_no` int(11) NOT NULL,
  `comments` varchar(50) CHARACTER SET utf8 COLLATE utf8_unicode_ci NOT NULL,
  `cdate` varchar(11) NOT NULL,
  `ctime` time NOT NULL,
  PRIMARY KEY (`checkitemid`)
) ENGINE=InnoDB AUTO_INCREMENT=131 DEFAULT CHARSET=latin1;

-- Dumping data for table hr.checklistcheck_item: ~121 rows (approximately)
/*!40000 ALTER TABLE `checklistcheck_item` DISABLE KEYS */;
INSERT INTO `checklistcheck_item` (`checkitemid`, `factoryname`, `name`, `item`, `yes_no`, `comments`, `cdate`, `ctime`) VALUES
	(1, 'MCL', 'ভবনের নিরাপত্তা', 'ভবনের কোথাও কোন ফাটল রয়েছে কিনা?', 1, '', '2021-02-27', '10:47:16'),
	(2, 'MCL', 'ভবনের নিরাপত্তা', 'ভবনের ফিটনেস সার্টিফিকেট রয়েছে কিনা?', 1, '', '2021-02-27', '10:47:16'),
	(3, 'MCL', 'ভবনের নিরাপত্তা', 'ছাদে রেলিং দেয়া আছে কিনা?', 0, '', '2021-02-27', '10:47:16'),
	(4, 'MCL', 'ভবনের নিরাপত্তা', 'বিল্ডিংয়ের চারপাশে বাউন্ডারী দেয়া আছে কিনা?', 1, '', '2021-02-27', '10:47:16'),
	(5, 'MCL', 'ভবনের নিরাপত্তা', 'ভবন সেইফটির ঝুঁকি নিরুপন করা আছে কিনা?', 0, '', '2021-02-27', '10:47:16'),
	(6, 'MCL', 'ভবনের নিরাপত্তা', 'সকল ফ্লোরে Load Plan /Capacity Posted আছে কিনা?', 1, '', '2021-02-27', '10:47:16'),
	(7, 'MCL', 'খাবার পানি', 'পানি সরবরাহ পর্যাপ্ত কি না', 1, '', '2021-02-27', '10:57:26'),
	(8, 'MCL', 'খাবার পানি', 'Water Test Report Posted আছে কি না', 1, '', '2021-02-27', '10:57:26'),
	(9, 'MCL', 'অন্যান্য', 'বৃষ্টি হওয়ার পর ছাঁদে পানি জমে থাকে কি না', 0, '', '2021-02-27', '11:10:06'),
	(10, 'MCL', 'অন্যান্য', 'সকল LPS System Functional আছে কি না', 1, '', '2021-02-27', '11:10:06'),
	(11, 'MCL', 'অন্যান্য', 'কারখানার PA System ও সকল Speaker Functional আছে কি', 1, '', '2021-02-27', '11:10:06'),
	(12, 'MCL', 'অন্যান্য', 'Construction এর কাজ চলা অবস্থায় সেখানে Under Const', 0, '', '2021-02-27', '11:10:06'),
	(13, 'MCL', 'অন্যান্য', 'সকল ফ্লোরে Hotline Number, No Smoking Zone, Don’t ', 0, '', '2021-02-27', '11:10:06'),
	(14, 'MCL', 'অন্যান্য', 'সকল ফ্লোরে  Grievance Formation & Settlement Proce', 0, '', '2021-02-27', '11:10:06'),
	(15, 'MCL', 'অন্যান্য', 'প্রত্যেক ফ্লোরে সরবরাহকৃত Idea Share Box এবং প্রত্', 1, '', '2021-02-27', '11:10:06'),
	(16, 'MCL', 'অন্যান্য', 'কারখানার অভ্যন্তরে Security Point Functional সংশ্ল', 1, '', '2021-02-27', '11:10:06'),
	(17, 'MCL', 'অগ্নি নিরাপত্তা', '২০ জনের অধিক শ্রমিক কাজ করে এমন প্রতিটি কক্ষে ২টি ', 1, '', '2021-02-27', '14:38:23'),
	(18, 'MCL', 'অগ্নি নিরাপত্তা', 'প্রত্যেক শ্রমিক কাজের স্থান থেকে বর্হি:গমন পথে বাধ', 1, '', '2021-02-27', '14:38:23'),
	(19, 'MCL', 'অগ্নি নিরাপত্তা', 'বর্হি:গমন পথ কাজের স্থান হতে ৫০ মিটারের মধ্যে রয়েছ', 1, '', '2021-02-27', '14:38:23'),
	(20, 'MCL', 'অগ্নি নিরাপত্তা', 'সিঁড়ি প্রস্থে ১.১৫ মি ও উচ্চতায ২.০০ মি. আছে কিনা?', 1, '', '2021-02-27', '14:38:23'),
	(21, 'MCL', 'অগ্নি নিরাপত্তা', 'সিঁড়ি পরিষ্কার পরিচ্ছন্ন আছে কিনা?', 1, '', '2021-02-27', '14:38:23'),
	(22, 'MCL', 'অগ্নি নিরাপত্তা', 'Stair Handle Bar  ও টাইলস ভাঙ্গা আছে কিনা?', 1, '', '2021-02-27', '14:38:23'),
	(23, 'MCL', 'অগ্নি নিরাপত্তা', '‘নিরাপদ বর্হিগমন/ উর্ধŸ গমন’ লেখা আছে কিনা?', 0, '', '2021-02-27', '14:38:23'),
	(24, 'MCL', 'অগ্নি নিরাপত্তা', 'Both side Stair Handle Bar আছে কিনা?', 1, '', '2021-02-27', '14:38:23'),
	(25, 'MCL', 'অগ্নি নিরাপত্তা', 'মহিলা ও পুরুষ শ্রমিকদের ব্যবহৃত সিঁড়ি পৃথক ভাবে মা', 1, '', '2021-02-27', '14:38:23'),
	(26, 'MCL', 'অগ্নি নিরাপত্তা', 'নিয়মিত অগ্নি মহড়ার আয়োজন করা হয় কিনা?', 1, '', '2021-02-27', '14:38:23'),
	(27, 'MCL', 'অগ্নি নিরাপত্তা', 'পর্যাপ্ত পরিমাণ আলোর ব্যবস্থা আছে কিনা?', 1, '', '2021-02-27', '14:38:23'),
	(28, 'MCL', 'অগ্নি নিরাপত্তা', 'সকল ফ্লোরে পর্যাপ্ত ফায়ার এক্সটিনগুইসার রয়েছে কিনা', 0, '', '2021-02-27', '14:38:23'),
	(29, 'MCL', 'অগ্নি নিরাপত্তা', 'অগ্নি নির্বাপক যন্ত্র নিয়মিত পরীক্ষা করা হয় কিনা?', 0, '', '2021-02-27', '14:38:23'),
	(30, 'MCL', 'অগ্নি নিরাপত্তা', 'অগ্নি নির্বাপক যন্ত্র প্রতিবন্ধক অবস্থায় আছে কিনা?', 1, '', '2021-02-27', '14:38:23'),
	(31, 'MCL', 'অগ্নি নিরাপত্তা', 'অগ্নি নির্বাপক যন্ত্রের মেয়াদ উর্ত্তীণ কিনা?', 1, '', '2021-02-27', '14:38:23'),
	(32, 'MCL', 'অগ্নি নিরাপত্তা', 'গং বেল আছে কিনা?', 1, '', '2021-02-27', '14:38:23'),
	(33, 'MCL', 'অগ্নি নিরাপত্তা', 'বালি ও পানির ড্রাম/বালতি যথাযথভাবে আছে কিনা?', 1, '', '2021-02-27', '14:38:23'),
	(34, 'MCL', 'অগ্নি নিরাপত্তা', 'কোন ফায়ার হেজার্ড আছে কিনা?', 1, '', '2021-02-27', '14:38:23'),
	(35, 'MCL', 'অগ্নি নিরাপত্তা', 'পর্যাপ্ত ফায়ার ইকুপমেন্ট আছে কিনা?', 1, '', '2021-02-27', '14:38:23'),
	(36, 'MCL', 'অগ্নি নিরাপত্তা', 'ফায়ার ইকুপমেন্টসমূহ নির্ধারিত জায়গায় আছে কিনা?', 1, '', '2021-02-27', '14:38:23'),
	(37, 'MCL', 'অগ্নি নিরাপত্তা', 'ইলেক্ট্রিক বোর্ডের নিকট/ সার্কিট ব্রেকারের নিকট সি', 1, '', '2021-02-27', '14:38:23'),
	(38, 'MCL', 'অগ্নি নিরাপত্তা', 'ফায়ার টিমের সদস্যদের জন্য এপ্রোন আছে কিনা?', 1, '', '2021-02-27', '14:38:23'),
	(39, 'MCL', 'অগ্নি নিরাপত্তা', 'কন্ট্রোল রুমের সাথে সকল ডিভাইস সংযুক্ত রয়েছে কিনা?', 1, '', '2021-02-27', '14:38:23'),
	(40, 'MCL', 'অগ্নি নিরাপত্তা', 'কন্ট্রোল রুমে পর্যাপ্ত পরিমান যন্ত্রপাতি রয়েছে কিন', 1, '', '2021-02-27', '14:38:23'),
	(41, 'MCL', 'অগ্নি নিরাপত্তা', 'শ্রম আইন পর্যাপ্ত অনুযায়ী ফায়ার ফাইটার ফায়ার রেসকি', 1, '', '2021-02-27', '14:38:23'),
	(42, 'MCL', 'অগ্নি নিরাপত্তা', 'ফায়ার ফাইটারদের নিয়মিত প্রশিক্ষন দেয়া হয় কিনা?', 0, '', '2021-02-27', '14:38:23'),
	(43, 'MCL', 'অগ্নি নিরাপত্তা', 'ফায়ার টিমের সদস্যদের দায়িত্ব ও কর্তব্যসহ ছবি ঝুলান', 0, '', '2021-02-27', '14:38:23'),
	(44, 'MCL', 'অগ্নি নিরাপত্তা', 'উপযুক্ত স্থানে জরুরী বহির্গমন চিত্র রয়েছে কিনা?', 1, '', '2021-02-27', '14:38:23'),
	(45, 'MCL', 'অগ্নি নিরাপত্তা', 'সিঁড়িতে  জরুরী অফিসসমূহের ফোন নাম্বার দেয়া আছে কিন', 1, '', '2021-02-27', '14:38:23'),
	(46, 'MCL', 'অগ্নি নিরাপত্তা', 'সকল ফগ লাইট, ইমার্জেন্সি সাইন ও লাইট কার্যকর রয়েছে', 1, '', '2021-02-27', '14:38:23'),
	(47, 'MCL', 'অগ্নি নিরাপত্তা', 'পিএ ও এল্যার্ম সিস্টেম কার্যকর রয়েছে কিনা?', 1, '', '2021-02-27', '14:38:23'),
	(48, 'MCL', 'অগ্নি নিরাপত্তা', 'সকল সেকশনে তালামুক্ত রয়েছে কিনা?', 1, '', '2021-02-27', '14:38:23'),
	(49, 'MCL', 'অগ্নি নিরাপত্তা', 'অগ্নিকান্ডের ঝুঁকি নিরুপন করা আছে কিনা?', 1, '', '2021-02-27', '14:38:23'),
	(50, 'MCL', 'অগ্নি নিরাপত্তা', 'জরুরী মুহুর্তে করনূীয় বিষয়ে সচেতনতামূলক পোস্টার লা', 1, '', '2021-02-27', '14:38:23'),
	(51, 'MCL', 'অগ্নি নিরাপত্তা', 'এসেম্বলী পয়েন্ট বাধামুক্ত রয়েছে কিনা?', 1, '', '2021-02-27', '14:38:23'),
	(52, 'MCL', 'অগ্নি নিরাপত্তা', 'প্রতিটি ফ্লেরে একটি করে খোলা জানালা রয়েছে কিনা?', 1, '', '2021-02-27', '14:38:23'),
	(53, 'MCL', 'অগ্নি নিরাপত্তা', 'ধূমপান নিষেধ সাইন লাগানো আছে কিনা?', 0, '', '2021-02-27', '14:38:23'),
	(54, 'MCL', 'অগ্নি নিরাপত্তা', 'সকল আইলস মার্ক, করিডোর, সিড়ি বাধামুক্ত রয়েছে কিনা?', 1, '', '2021-02-27', '14:38:23'),
	(55, 'MCL', 'ইলেক্ট্রিকাল নিরাপত্তা', 'বৈদ্যুতিক তারসমূহ নিরাপদ মোড়কীকরণ করা আছে কি না', 0, '', '2021-02-27', '14:43:31'),
	(56, 'MCL', 'ইলেক্ট্রিকাল নিরাপত্তা', 'বৈদ্যুতিক বোর্ডগুলোতে সতর্কীকরন সংকেত আছে কি না', 0, '', '2021-02-27', '14:43:31'),
	(57, 'MCL', 'ইলেক্ট্রিকাল নিরাপত্তা', 'বৈদ্যুতিক তারগুলো ছেঁড়া বা ঝুলন্ত অবস্থায় আছে কি ন', 1, '', '2021-02-27', '14:43:31'),
	(58, 'MCL', 'ইলেক্ট্রিকাল নিরাপত্তা', 'বৈদ্যুতিক তারে জোড়া আছে কি না', 0, '', '2021-02-27', '14:43:31'),
	(59, 'MCL', 'ইলেক্ট্রিকাল নিরাপত্তা', 'ব্যবহার অনুপযোগী বা ভাঙ্গা সুইচ/ সকেট মার্কিং করা ', 1, '', '2021-02-27', '14:43:31'),
	(60, 'MCL', 'ইলেক্ট্রিকাল নিরাপত্তা', 'সকল ইলেক্ট্রিক বোর্ড ও  চ্যানেল পরিষ্কার আছে কিনা?', 1, '', '2021-02-27', '14:43:31'),
	(61, 'MCL', 'ইলেক্ট্রিকাল নিরাপত্তা', 'এমডিবি, ডিবি ও এসডিবি বোর্ডে সেপারেটর, এবোনাইট শিট', 1, '', '2021-02-27', '14:43:31'),
	(62, 'MCL', 'ইলেক্ট্রিকাল নিরাপত্তা', 'সকল ইলেক্ট্রিশিয়ানদের কমপিটেন্সি সার্টিফিকেট রয়েছে', 1, '', '2021-02-27', '14:43:31'),
	(63, 'MCL', 'ইলেক্ট্রিকাল নিরাপত্তা', 'সকল প্লাগ ৩পিন সকেট কিনা?', 1, '', '2021-02-27', '14:43:31'),
	(64, 'MCL', 'ইলেক্ট্রিকাল নিরাপত্তা', 'ইলেকিট্রক স্থাপনার পাশে সিপিআর ঝুলানো আছে কিনা?', 1, '', '2021-02-27', '14:43:31'),
	(65, 'MCL', 'ইলেক্ট্রিকাল নিরাপত্তা', 'ইলেকিট্রক সেইফটির ঝুঁকি নিরুপন করা আছে কিনা?', 1, '', '2021-02-27', '14:43:31'),
	(66, 'MCL', 'কমপ্রেসার, জেনেরেটর,বয়লার ও ফায়ার হাইড্রেন্ট পাম্প', 'কমপ্রেসার, জেনেরেটর, বয়লার ও ফায়ার হাইড্রেন্ট পাম্', 1, '', '2021-02-27', '14:52:26'),
	(67, 'MCL', 'কমপ্রেসার, জেনেরেটর,বয়লার ও ফায়ার হাইড্রেন্ট পাম্প', 'কমপ্রেসার, জেনেরেটর, বয়লার ও ফায়ার হাইড্রেন্ট পাম্', 1, '', '2021-02-27', '14:52:26'),
	(68, 'MCL', 'কমপ্রেসার, জেনেরেটর,বয়লার ও ফায়ার হাইড্রেন্ট পাম্প', 'কমপ্রেসার, জেনেরেটর, বয়লার ও ফায়ার হাইড্রেন্ট পাম্', 1, '', '2021-02-27', '14:52:26'),
	(69, 'MCL', 'কমপ্রেসার, জেনেরেটর,বয়লার ও ফায়ার হাইড্রেন্ট পাম্প', 'কমপ্রেসার, জেনেরেটর, বয়লার ও ফায়ার হাইড্রেন্ট পাম্', 1, '', '2021-02-27', '14:52:26'),
	(70, 'MCL', 'কমপ্রেসার, জেনেরেটর,বয়লার ও ফায়ার হাইড্রেন্ট পাম্প', 'ইভাকুয়েশন প্লান লাগানো আছে কিনা?', 1, '', '2021-02-27', '14:52:26'),
	(71, 'MCL', 'কমপ্রেসার, জেনেরেটর,বয়লার ও ফায়ার হাইড্রেন্ট পাম্প', 'মেশিন অপারেটিং নির্দেশনাবলী দেয়া আছে কিনা?', 1, '', '2021-02-27', '14:52:26'),
	(72, 'MCL', 'কমপ্রেসার, জেনেরেটর,বয়লার ও ফায়ার হাইড্রেন্ট পাম্প', 'কর্মরত ব্যক্তি সংশ্লিষ্ট বিষয়ের উপর দক্ষ কিনা?', 1, '', '2021-02-27', '14:52:26'),
	(73, 'MCL', 'কমপ্রেসার, জেনেরেটর,বয়লার ও ফায়ার হাইড্রেন্ট পাম্প', 'কমপ্রেসার, জেনেরেটর, বয়লার ও ফায়ার হাইড্রেন্ট পাম্', 1, '', '2021-02-27', '14:52:26'),
	(74, 'MCL', 'কমপ্রেসার, জেনেরেটর,বয়লার ও ফায়ার হাইড্রেন্ট পাম্প', 'বয়লার, জেনারেটর ও ইলেক্ট্রিশিয়ানদের দক্ষতা সার্টিফ', 1, '', '2021-02-27', '14:52:26'),
	(75, 'MCL', 'কমপ্রেসার, জেনেরেটর,বয়লার ও ফায়ার হাইড্রেন্ট পাম্প', 'স্বয়ংক্রিয় ফায়ার হাইড্রেন্ট পাম্প ওহংঃধষষ করা আছে ', 0, '', '2021-02-27', '14:52:26'),
	(76, 'MCL', 'কমপ্রেসার, জেনেরেটর,বয়লার ও ফায়ার হাইড্রেন্ট পাম্প', 'সকল Fire Equipment Functional আছে কিনা?', 1, '', '2021-02-27', '14:52:26'),
	(77, 'MCL', 'কমপ্রেসার, জেনেরেটর,বয়লার ও ফায়ার হাইড্রেন্ট পাম্প', 'পাম্পগুলো নিয়মিত চেক করা হয় কিনা?', 1, '', '2021-02-27', '14:52:26'),
	(78, 'MCL', 'কমপ্রেসার, জেনেরেটর,বয়লার ও ফায়ার হাইড্রেন্ট পাম্প', 'পাম্পের ইন্টার্ফেসিং কার্যকর রয়েছে কিনা?', 0, '', '2021-02-27', '14:52:26'),
	(79, 'MCL', 'কমপ্রেসার, জেনেরেটর,বয়লার ও ফায়ার হাইড্রেন্ট পাম্প', 'প্রতিটি পাম্প সচল রয়েছে কিনা?', 1, '', '2021-02-27', '14:52:26'),
	(80, 'MCL', 'কমপ্রেসার, জেনেরেটর,বয়লার ও ফায়ার হাইড্রেন্ট পাম্প', 'পর্যাপ্ত স্মোক/হিট ডিটেক্টর ও এলার্ম সিস্টেম আছে ক', 0, '', '2021-02-27', '14:52:26'),
	(81, 'MCL', 'কমপ্রেসার, জেনেরেটর,বয়লার ও ফায়ার হাইড্রেন্ট পাম্প', 'কমপ্রেসার, জেনেরেটর, বয়লার ও ফায়ার হাইড্রেন্ট পাম্', 1, '', '2021-02-27', '14:58:53'),
	(82, 'MCL', 'কমপ্রেসার, জেনেরেটর,বয়লার ও ফায়ার হাইড্রেন্ট পাম্প', 'কমপ্রেসার, জেনেরেটর, বয়লার ও ফায়ার হাইড্রেন্ট পাম্', 1, '', '2021-02-27', '14:58:53'),
	(83, 'MCL', 'কমপ্রেসার, জেনেরেটর,বয়লার ও ফায়ার হাইড্রেন্ট পাম্প', 'কমপ্রেসার, জেনেরেটর, বয়লার ও ফায়ার হাইড্রেন্ট পাম্', 1, '', '2021-02-27', '14:58:53'),
	(84, 'MCL', 'কমপ্রেসার, জেনেরেটর,বয়লার ও ফায়ার হাইড্রেন্ট পাম্প', 'কমপ্রেসার, জেনেরেটর, বয়লার ও ফায়ার হাইড্রেন্ট পাম্', 1, '', '2021-02-27', '14:58:53'),
	(85, 'MCL', 'কমপ্রেসার, জেনেরেটর,বয়লার ও ফায়ার হাইড্রেন্ট পাম্প', 'ইভাকুয়েশন প্লান লাগানো আছে কিনা?', 1, '', '2021-02-27', '14:58:53'),
	(86, 'MCL', 'কমপ্রেসার, জেনেরেটর,বয়লার ও ফায়ার হাইড্রেন্ট পাম্প', 'মেশিন অপারেটিং নির্দেশনাবলী দেয়া আছে কিনা?', 1, '', '2021-02-27', '14:58:53'),
	(87, 'MCL', 'কমপ্রেসার, জেনেরেটর,বয়লার ও ফায়ার হাইড্রেন্ট পাম্প', 'কর্মরত ব্যক্তি সংশ্লিষ্ট বিষয়ের উপর দক্ষ কিনা?', 1, '', '2021-02-27', '14:58:53'),
	(88, 'MCL', 'কমপ্রেসার, জেনেরেটর,বয়লার ও ফায়ার হাইড্রেন্ট পাম্প', 'কমপ্রেসার, জেনেরেটর, বয়লার ও ফায়ার হাইড্রেন্ট পাম্', 1, '', '2021-02-27', '14:58:53'),
	(89, 'MCL', 'কমপ্রেসার, জেনেরেটর,বয়লার ও ফায়ার হাইড্রেন্ট পাম্প', 'বয়লার, জেনারেটর ও ইলেক্ট্রিশিয়ানদের দক্ষতা সার্টিফ', 1, '', '2021-02-27', '14:58:53'),
	(90, 'MCL', 'কমপ্রেসার, জেনেরেটর,বয়লার ও ফায়ার হাইড্রেন্ট পাম্প', 'স্বয়ংক্রিয় ফায়ার হাইড্রেন্ট পাম্প ওহংঃধষষ করা আছে ', 1, '', '2021-02-27', '14:58:53'),
	(91, 'MCL', 'কমপ্রেসার, জেনেরেটর,বয়লার ও ফায়ার হাইড্রেন্ট পাম্প', 'সকল Fire Equipment Functional আছে কিনা?', 1, '', '2021-02-27', '14:58:53'),
	(92, 'MCL', 'কমপ্রেসার, জেনেরেটর,বয়লার ও ফায়ার হাইড্রেন্ট পাম্প', 'পাম্পগুলো নিয়মিত চেক করা হয় কিনা?', 1, '', '2021-02-27', '14:58:53'),
	(93, 'MCL', 'কমপ্রেসার, জেনেরেটর,বয়লার ও ফায়ার হাইড্রেন্ট পাম্প', 'পাম্পের ইন্টার্ফেসিং কার্যকর রয়েছে কিনা?', 1, '', '2021-02-27', '14:58:53'),
	(94, 'MCL', 'কমপ্রেসার, জেনেরেটর,বয়লার ও ফায়ার হাইড্রেন্ট পাম্প', 'প্রতিটি পাম্প সচল রয়েছে কিনা?', 1, '', '2021-02-27', '14:58:53'),
	(95, 'MCL', 'কমপ্রেসার, জেনেরেটর,বয়লার ও ফায়ার হাইড্রেন্ট পাম্প', 'পর্যাপ্ত স্মোক/হিট ডিটেক্টর ও এলার্ম সিস্টেম আছে ক', 1, '', '2021-02-27', '14:58:53'),
	(96, 'MCL', 'সুইং,ফিনিশিং,কোয়ালিটি ', 'সকল মেশিন পরিস্কার আছে কি না', 1, '', '2021-02-27', '15:00:09'),
	(97, 'MCL', 'সুইং,ফিনিশিং,কোয়ালিটি ', 'সুইং সেকশনের ঝুঁকি নিরুপন করা আছে কিনা?', 1, '', '2021-02-27', '15:00:09'),
	(98, 'MCL', 'সুইং,ফিনিশিং,কোয়ালিটি ', 'মেশিনে মেইন্টেন্যান্স কার্ড আছে কি না?', 1, '', '2021-02-27', '15:00:09'),
	(99, 'MCL', 'সুইং,ফিনিশিং,কোয়ালিটি ', 'ভাঙ্গা নিডল রেজিষ্টার মেইনটেইন করা হয় কি না', 1, '', '2021-02-27', '15:00:09'),
	(100, 'MCL', 'সুইং,ফিনিশিং,কোয়ালিটি ', 'মেশিনের এসওপি লাগানো আছে কিনা?', 1, '', '2021-02-27', '15:00:09'),
	(101, 'MCL', 'সুইং,ফিনিশিং,কোয়ালিটি ', 'পর্যাপ্ত আলো বাতাসের ব্যবস্থা আছে কি না', 1, '', '2021-02-27', '15:00:09'),
	(102, 'MCL', 'সুইং,ফিনিশিং,কোয়ালিটি ', 'মেশিন অয়েল নিয়মিত পরিষ্কার করা হয় কিনা?', 1, '', '2021-02-27', '15:00:09'),
	(103, 'MCL', 'সুইং,ফিনিশিং,কোয়ালিটি ', 'ফ্লোর পরিস্কার পরিচ্ছন্ন কি না', 1, '', '2021-02-27', '15:00:09'),
	(104, 'MCL', 'সুইং,ফিনিশিং,কোয়ালিটি ', 'মেশিনে প্রয়োজনীয় সেইফটি (নিডেল গার্ড, আই গার্ড, রা', 1, '', '2021-02-27', '15:00:09'),
	(105, 'MCL', 'সুইং,ফিনিশিং,কোয়ালিটি ', 'শার্প টুল রেজিস্টার রক্ষনাবেক্ষন করা হচ্ছে কিনা?', 1, '', '2021-02-27', '15:00:09'),
	(106, 'MCL', 'সুইং,ফিনিশিং,কোয়ালিটি ', 'আয়রনিং ইনষ্ট্রাকশন পোষ্টেড আছে কি না ', 1, '', '2021-02-27', '15:00:09'),
	(107, 'MCL', 'সুইং,ফিনিশিং,কোয়ালিটি ', 'প্যাকিং সেকশন আলাদাভাবে ফেনচিং করা আছে কি না', 1, '', '2021-02-27', '15:00:09'),
	(108, 'MCL', 'সুইং,ফিনিশিং,কোয়ালিটি ', 'প্যাকিং সেকশনে কর্মরত সকলের ছবি রুমের সামনে দেয়া আ', 1, '', '2021-02-27', '15:00:09'),
	(109, 'MCL', 'সুইং,ফিনিশিং,কোয়ালিটি ', 'অব্যবহৃত আয়রন বন্ধ ও সংযোগ বিচ্ছিন্ন আছে কি না', 1, '', '2021-02-27', '15:00:09'),
	(110, 'MCL', 'সুইং,ফিনিশিং,কোয়ালিটি ', 'ফ্লোরে Broken Needle Procedure Flow-Chart দেয়া আছে', 1, '', '2021-02-27', '15:00:09'),
	(111, 'MCL', 'সুইং,ফিনিশিং,কোয়ালিটি ', 'প্যাকিং রুমে নির্ধারিত লোক কাজ করছে কিনা?', 1, '', '2021-02-27', '15:00:09'),
	(112, 'MCL', 'সুইং,ফিনিশিং,কোয়ালিটি ', 'সকল মেশিন দেয়াল থেকে নির্ধারিত দূরুত্বে আছে কিনা?', 1, '', '2021-02-27', '15:00:09'),
	(113, 'MCL', 'সুইং,ফিনিশিং,কোয়ালিটি ', 'সকলে যথাযথ পিপিই (মাস্ক, চশমা, হ্যান্ড গ্লোভস, রাব', 1, '', '2021-02-27', '15:00:09'),
	(114, 'MCL', 'ভবনের নিরাপত্তা', 'ভবনের কোথাও কোন ফাটল রয়েছে কিনা?', 1, '', '2021-02-28', '08:27:20'),
	(115, 'MCL', 'ভবনের নিরাপত্তা', 'ভবনের ফিটনেস সার্টিফিকেট রয়েছে কিনা?', 1, '', '2021-02-28', '08:27:20'),
	(116, 'MCL', 'ভবনের নিরাপত্তা', 'ছাদে রেলিং দেয়া আছে কিনা?', 1, '', '2021-02-28', '08:27:20'),
	(117, 'MCL', 'ভবনের নিরাপত্তা', 'বিল্ডিংয়ের চারপাশে বাউন্ডারী দেয়া আছে কিনা?', 1, '', '2021-02-28', '08:27:20'),
	(118, 'MCL', 'ভবনের নিরাপত্তা', 'ভবন সেইফটির ঝুঁকি নিরুপন করা আছে কিনা?', 1, '', '2021-02-28', '08:27:20'),
	(119, 'MCL', 'ভবনের নিরাপত্তা', 'সকল ফ্লোরে Load Plan /Capacity Posted আছে কিনা?', 0, '', '2021-02-28', '08:27:20'),
	(120, 'MCL', 'ইলেক্ট্রিকাল নিরাপত্তা', 'বৈদ্যুতিক তারসমূহ নিরাপদ মোড়কীকরণ করা আছে কি না', 1, '', '2021-02-28', '08:28:58'),
	(121, 'MCL', 'ইলেক্ট্রিকাল নিরাপত্তা', 'বৈদ্যুতিক বোর্ডগুলোতে সতর্কীকরন সংকেত আছে কি না', 1, '', '2021-02-28', '08:28:58'),
	(122, 'MCL', 'ইলেক্ট্রিকাল নিরাপত্তা', 'বৈদ্যুতিক তারগুলো ছেঁড়া বা ঝুলন্ত অবস্থায় আছে কি ন', 1, '', '2021-02-28', '08:28:58'),
	(123, 'MCL', 'ইলেক্ট্রিকাল নিরাপত্তা', 'বৈদ্যুতিক তারে জোড়া আছে কি না', 1, '', '2021-02-28', '08:28:58'),
	(124, 'MCL', 'ইলেক্ট্রিকাল নিরাপত্তা', 'ব্যবহার অনুপযোগী বা ভাঙ্গা সুইচ/ সকেট মার্কিং করা ', 1, '', '2021-02-28', '08:28:58'),
	(125, 'MCL', 'ইলেক্ট্রিকাল নিরাপত্তা', 'সকল ইলেক্ট্রিক বোর্ড ও  চ্যানেল পরিষ্কার আছে কিনা?', 1, '', '2021-02-28', '08:28:58'),
	(126, 'MCL', 'ইলেক্ট্রিকাল নিরাপত্তা', 'এমডিবি, ডিবি ও এসডিবি বোর্ডে সেপারেটর, এবোনাইট শিট', 1, '', '2021-02-28', '08:28:58'),
	(127, 'MCL', 'ইলেক্ট্রিকাল নিরাপত্তা', 'সকল ইলেক্ট্রিশিয়ানদের কমপিটেন্সি সার্টিফিকেট রয়েছে', 1, '', '2021-02-28', '08:28:58'),
	(128, 'MCL', 'ইলেক্ট্রিকাল নিরাপত্তা', 'সকল প্লাগ ৩পিন সকেট কিনা?', 1, '', '2021-02-28', '08:28:58'),
	(129, 'MCL', 'ইলেক্ট্রিকাল নিরাপত্তা', 'ইলেকিট্রক স্থাপনার পাশে সিপিআর ঝুলানো আছে কিনা?', 0, '', '2021-02-28', '08:28:58'),
	(130, 'MCL', 'ইলেক্ট্রিকাল নিরাপত্তা', 'ইলেকিট্রক সেইফটির ঝুঁকি নিরুপন করা আছে কিনা?', 1, '', '2021-02-28', '08:28:58');
/*!40000 ALTER TABLE `checklistcheck_item` ENABLE KEYS */;


-- Dumping structure for table hr.checklist_item
CREATE TABLE IF NOT EXISTS `checklist_item` (
  `checkid` int(10) NOT NULL AUTO_INCREMENT,
  `factoryname` varchar(50) NOT NULL,
  `checkserial` varchar(50) DEFAULT NULL,
  `checkitem` varchar(200) CHARACTER SET utf8 COLLATE utf8_unicode_ci DEFAULT NULL,
  PRIMARY KEY (`checkid`)
) ENGINE=InnoDB AUTO_INCREMENT=238 DEFAULT CHARSET=latin1;

-- Dumping data for table hr.checklist_item: ~228 rows (approximately)
/*!40000 ALTER TABLE `checklist_item` DISABLE KEYS */;
INSERT INTO `checklist_item` (`checkid`, `factoryname`, `checkserial`, `checkitem`) VALUES
	(1, 'MCL', '1', 'ভবনের কোথাও কোন ফাটল রয়েছে কিনা?'),
	(2, 'MCL', '1', 'ভবনের ফিটনেস সার্টিফিকেট রয়েছে কিনা?'),
	(3, 'MCL', '1', 'ছাদে রেলিং দেয়া আছে কিনা?'),
	(4, 'MCL', '1', 'বিল্ডিংয়ের চারপাশে বাউন্ডারী দেয়া আছে কিনা?'),
	(5, 'MCL', '1', 'ভবন সেইফটির ঝুঁকি নিরুপন করা আছে কিনা?'),
	(6, 'MCL', '1', 'সকল ফ্লোরে Load Plan /Capacity Posted আছে কিনা?'),
	(7, 'MCL', '2', '২০ জনের অধিক শ্রমিক কাজ করে এমন প্রতিটি কক্ষে ২টি বর্হি:গমন পথ রয়েছে কিনা? '),
	(8, 'MCL', '2', 'প্রত্যেক শ্রমিক কাজের স্থান থেকে বর্হি:গমন পথে বাধাহীনভাবে পৌছাতে পারে কিনা?'),
	(9, 'MCL', '2', 'বর্হি:গমন পথ কাজের স্থান হতে ৫০ মিটারের মধ্যে রয়েছে কিনা?'),
	(10, 'MCL', '2', 'সিঁড়ি প্রস্থে ১.১৫ মি ও উচ্চতায ২.০০ মি. আছে কিনা?'),
	(11, 'MCL', '2', 'সিঁড়ি পরিষ্কার পরিচ্ছন্ন আছে কিনা?'),
	(12, 'MCL', '2', 'Stair Handle Bar  ও টাইলস ভাঙ্গা আছে কিনা?'),
	(13, 'MCL', '2', '‘নিরাপদ বর্হিগমন/ উর্ধŸ গমন’ লেখা আছে কিনা?'),
	(14, 'MCL', '2', 'Both side Stair Handle Bar আছে কিনা?'),
	(15, 'MCL', '2', 'মহিলা ও পুরুষ শ্রমিকদের ব্যবহৃত সিঁড়ি পৃথক ভাবে মার্কিং করা আছে কিনা?'),
	(16, 'MCL', '2', 'নিয়মিত অগ্নি মহড়ার আয়োজন করা হয় কিনা?'),
	(17, 'MCL', '2', 'পর্যাপ্ত পরিমাণ আলোর ব্যবস্থা আছে কিনা?'),
	(18, 'MCL', '2', 'সকল ফ্লোরে পর্যাপ্ত ফায়ার এক্সটিনগুইসার রয়েছে কিনা?'),
	(19, 'MCL', '2', 'অগ্নি নির্বাপক যন্ত্র নিয়মিত পরীক্ষা করা হয় কিনা?'),
	(20, 'MCL', '2', 'অগ্নি নির্বাপক যন্ত্র প্রতিবন্ধক অবস্থায় আছে কিনা?'),
	(21, 'MCL', '2', 'অগ্নি নির্বাপক যন্ত্রের মেয়াদ উর্ত্তীণ কিনা?'),
	(22, 'MCL', '2', 'গং বেল আছে কিনা?'),
	(23, 'MCL', '2', 'বালি ও পানির ড্রাম/বালতি যথাযথভাবে আছে কিনা?'),
	(24, 'MCL', '2', 'কোন ফায়ার হেজার্ড আছে কিনা?'),
	(25, 'MCL', '2', 'পর্যাপ্ত ফায়ার ইকুপমেন্ট আছে কিনা?'),
	(26, 'MCL', '2', 'ফায়ার ইকুপমেন্টসমূহ নির্ধারিত জায়গায় আছে কিনা?'),
	(27, 'MCL', '2', 'ইলেক্ট্রিক বোর্ডের নিকট/ সার্কিট ব্রেকারের নিকট সিও২ এক্সটিংগুইসার আছে কিনা?'),
	(28, 'MCL', '2', 'ফায়ার টিমের সদস্যদের জন্য এপ্রোন আছে কিনা?'),
	(29, 'MCL', '2', 'কন্ট্রোল রুমের সাথে সকল ডিভাইস সংযুক্ত রয়েছে কিনা?'),
	(30, 'MCL', '2', 'কন্ট্রোল রুমে পর্যাপ্ত পরিমান যন্ত্রপাতি রয়েছে কিনা?'),
	(31, 'MCL', '2', 'শ্রম আইন পর্যাপ্ত অনুযায়ী ফায়ার ফাইটার ফায়ার রেসকিউয়ার ও ফার্ষ্ট এইডার রয়েছে কিনা?'),
	(32, 'MCL', '2', 'ফায়ার ফাইটারদের নিয়মিত প্রশিক্ষন দেয়া হয় কিনা?'),
	(33, 'MCL', '2', 'ফায়ার টিমের সদস্যদের দায়িত্ব ও কর্তব্যসহ ছবি ঝুলানো আছে কিনা?'),
	(34, 'MCL', '2', 'উপযুক্ত স্থানে জরুরী বহির্গমন চিত্র রয়েছে কিনা?'),
	(35, 'MCL', '2', 'সিঁড়িতে  জরুরী অফিসসমূহের ফোন নাম্বার দেয়া আছে কিনা?'),
	(36, 'MCL', '2', 'সকল ফগ লাইট, ইমার্জেন্সি সাইন ও লাইট কার্যকর রয়েছে কিনা?'),
	(37, 'MCL', '2', 'পিএ ও এল্যার্ম সিস্টেম কার্যকর রয়েছে কিনা?'),
	(38, 'MCL', '2', 'সকল সেকশনে তালামুক্ত রয়েছে কিনা?'),
	(39, 'MCL', '2', 'অগ্নিকান্ডের ঝুঁকি নিরুপন করা আছে কিনা?'),
	(40, 'MCL', '2', 'জরুরী মুহুর্তে করনূীয় বিষয়ে সচেতনতামূলক পোস্টার লাগানো আছে কিনা?'),
	(41, 'MCL', '2', 'এসেম্বলী পয়েন্ট বাধামুক্ত রয়েছে কিনা?'),
	(42, 'MCL', '2', 'প্রতিটি ফ্লেরে একটি করে খোলা জানালা রয়েছে কিনা?'),
	(43, 'MCL', '2', 'ধূমপান নিষেধ সাইন লাগানো আছে কিনা?'),
	(44, 'MCL', '2', 'সকল আইলস মার্ক, করিডোর, সিড়ি বাধামুক্ত রয়েছে কিনা?'),
	(45, 'MCL', '3', 'বৈদ্যুতিক তারসমূহ নিরাপদ মোড়কীকরণ করা আছে কি না'),
	(46, 'MCL', '3', 'বৈদ্যুতিক বোর্ডগুলোতে সতর্কীকরন সংকেত আছে কি না'),
	(47, 'MCL', '3', 'বৈদ্যুতিক তারগুলো ছেঁড়া বা ঝুলন্ত অবস্থায় আছে কি না'),
	(48, 'MCL', '3', 'বৈদ্যুতিক তারে জোড়া আছে কি না'),
	(49, 'MCL', '3', 'ব্যবহার অনুপযোগী বা ভাঙ্গা সুইচ/ সকেট মার্কিং করা আছে কি না'),
	(50, 'MCL', '3', 'সকল ইলেক্ট্রিক বোর্ড ও  চ্যানেল পরিষ্কার আছে কিনা?'),
	(51, 'MCL', '3', 'এমডিবি, ডিবি ও এসডিবি বোর্ডে সেপারেটর, এবোনাইট শিট, সিঙ্গেল লাইন ডায়াগ্রাম ও আর্থিং ব্যবস্থা রয়েছে কিনা?'),
	(52, 'MCL', '3', 'সকল ইলেক্ট্রিশিয়ানদের কমপিটেন্সি সার্টিফিকেট রয়েছে কিনা?'),
	(53, 'MCL', '3', 'সকল প্লাগ ৩পিন সকেট কিনা?'),
	(54, 'MCL', '3', 'ইলেকিট্রক স্থাপনার পাশে সিপিআর ঝুলানো আছে কিনা?'),
	(55, 'MCL', '3', 'ইলেকিট্রক সেইফটির ঝুঁকি নিরুপন করা আছে কিনা?'),
	(56, 'MCL', '5', 'কমপ্রেসার, জেনেরেটর, বয়লার ও ফায়ার হাইড্রেন্ট পাম্প কক্ষটি দেয়াল বিশিষ্ট কিনা?'),
	(57, 'MCL', '5', 'কমপ্রেসার, জেনেরেটর, বয়লার ও ফায়ার হাইড্রেন্ট পাম্প কক্ষে পর্যাপ্ত স্মোক ডিটেক্টর ও ফায়ার এক্সটিংগুইসার আছে কিনা?'),
	(58, 'MCL', '5', 'কমপ্রেসার, জেনেরেটর, বয়লার ও ফায়ার হাইড্রেন্ট পাম্প মেশিন অপারেটর সংশ্লিষ্ট কাজের উপযোগী সকল ধরনের পি.পি.ই ব্যবহার করে কিনা?'),
	(59, 'MCL', '5', 'কমপ্রেসার, জেনেরেটর, বয়লার ও ফায়ার হাইড্রেন্ট পাম্প কক্ষ কক্ষে ফায়ার রেটেড ডোর আছে কিনা?'),
	(60, 'MCL', '5', 'ইভাকুয়েশন প্লান লাগানো আছে কিনা?'),
	(61, 'MCL', '5', 'মেশিন অপারেটিং নির্দেশনাবলী দেয়া আছে কিনা?'),
	(62, 'MCL', '5', 'কর্মরত ব্যক্তি সংশ্লিষ্ট বিষয়ের উপর দক্ষ কিনা?'),
	(63, 'MCL', '5', 'কমপ্রেসার, জেনেরেটর, বয়লার ও ফায়ার হাইড্রেন্ট পাম্প কক্ষের সামনে “সংরক্ষিত এরিয়া ” নোটিশ আকারে দেয়া আছে কিনা?'),
	(64, 'MCL', '5', 'বয়লার, জেনারেটর ও ইলেক্ট্রিশিয়ানদের দক্ষতা সার্টিফিকেট রয়েছে কিনা?'),
	(65, 'MCL', '5', 'স্বয়ংক্রিয় ফায়ার হাইড্রেন্ট পাম্প ওহংঃধষষ করা আছে কিনা?'),
	(66, 'MCL', '5', 'সকল Fire Equipment Functional আছে কিনা?'),
	(67, 'MCL', '5', 'পাম্পগুলো নিয়মিত চেক করা হয় কিনা?'),
	(68, 'MCL', '5', 'পাম্পের ইন্টার্ফেসিং কার্যকর রয়েছে কিনা?'),
	(69, 'MCL', '5', 'প্রতিটি পাম্প সচল রয়েছে কিনা?'),
	(70, 'MCL', '5', 'পর্যাপ্ত স্মোক/হিট ডিটেক্টর ও এলার্ম সিস্টেম আছে কিনা?'),
	(71, 'MCL', '6', 'সকল মেশিন পরিস্কার আছে কি না'),
	(72, 'MCL', '6', 'সুইং সেকশনের ঝুঁকি নিরুপন করা আছে কিনা?'),
	(73, 'MCL', '6', 'মেশিনে মেইন্টেন্যান্স কার্ড আছে কি না?'),
	(74, 'MCL', '6', 'ভাঙ্গা নিডল রেজিষ্টার মেইনটেইন করা হয় কি না'),
	(75, 'MCL', '6', 'মেশিনের এসওপি লাগানো আছে কিনা?'),
	(76, 'MCL', '6', 'পর্যাপ্ত আলো বাতাসের ব্যবস্থা আছে কি না'),
	(77, 'MCL', '6', 'মেশিন অয়েল নিয়মিত পরিষ্কার করা হয় কিনা?'),
	(78, 'MCL', '6', 'ফ্লোর পরিস্কার পরিচ্ছন্ন কি না'),
	(79, 'MCL', '6', 'মেশিনে প্রয়োজনীয় সেইফটি (নিডেল গার্ড, আই গার্ড, রাবার ম্যাট, প্যাডেলম্যাট, সু, মেশিন লক, পুলি কভার, বেল্ট কভার ইত্যাদি)  নিশ্চিত করা আছে কিনা?'),
	(80, 'MCL', '6', 'শার্প টুল রেজিস্টার রক্ষনাবেক্ষন করা হচ্ছে কিনা?'),
	(81, 'MCL', '6', 'আয়রনিং ইনষ্ট্রাকশন পোষ্টেড আছে কি না '),
	(82, 'MCL', '6', 'প্যাকিং সেকশন আলাদাভাবে ফেনচিং করা আছে কি না'),
	(83, 'MCL', '6', 'প্যাকিং সেকশনে কর্মরত সকলের ছবি রুমের সামনে দেয়া আছে কি না এবং বহিরাগত কেউ ঢুকলে যথাযথভাবে Formalities maintain করে কি না'),
	(84, 'MCL', '6', 'অব্যবহৃত আয়রন বন্ধ ও সংযোগ বিচ্ছিন্ন আছে কি না'),
	(85, 'MCL', '6', 'ফ্লোরে Broken Needle Procedure Flow-Chart দেয়া আছে কি না'),
	(86, 'MCL', '6', 'প্যাকিং রুমে নির্ধারিত লোক কাজ করছে কিনা?'),
	(87, 'MCL', '6', 'সকল মেশিন দেয়াল থেকে নির্ধারিত দূরুত্বে আছে কিনা?'),
	(88, 'MCL', '6', 'সকলে যথাযথ পিপিই (মাস্ক, চশমা, হ্যান্ড গ্লোভস, রাবারম্যাট, টুপি, ইয়ার প্লাগ, ইয়ার মাফ ইত্যাদি) পরিধান করছে কিনা?'),
	(89, 'MCL', '7', 'মেশিনের এসওপি লাগানো আছে কিনা?'),
	(90, 'MCL', '7', 'গার্মেন্টস/ ফেব্রিকসমূহ সারিবদ্ধ ভাবে সাজানো আছে কি না'),
	(91, 'MCL', '7', 'কাটিং নির্দেশিকা পোষ্টেড আছে কি না'),
	(92, 'MCL', '7', 'মেশিনে প্রয়োজনীয় সেইফটি (নিডেল গার্ড, আই গার্ড, রাবার ম্যাট, প্যাডেলম্যাট, সু, মেশিন লক, পুলি কভার, বেল্ট কভার ইত্যাদি)  নিশ্চিত করা আছে কিনা?'),
	(93, 'MCL', '7', 'পদবী অনুযায়ী যার যার দায়িত্ব পালন করছে কিনা?'),
	(94, 'MCL', '7', 'শার্প টুল রেজিস্টার রক্ষনাবেক্ষন করা হচ্ছে কিনা?'),
	(95, 'MCL', '7', 'সকলে যথাযথ পিপিই (মাস্ক, চশমা, হ্যান্ড গ্লোভস, রাবারম্যাট, টুপি, ইয়ার প্লাগ, ইয়ার মাফ ইত্যাদি) পরিধান করছে কিনা?'),
	(96, 'MCL', '7', 'কাটিং সেকশনের ঝুঁকি নিরুপন করা আছে কিনা?'),
	(97, 'MCL', '7', 'রিলাক্সেশন মেশিন নির্ধারিত দূরুত্বে সেট আছে কিনা?'),
	(98, 'MCL', '8', 'পর্যাপ্ত স্মোক ডিটেক্টর ও এক্সটিংগুইসার আছে কি না'),
	(99, 'MCL', '8', 'ইভাকুয়েশন প্লান লাগানো আছে কিনা'),
	(100, 'MCL', '8', 'FIFO অনুসরণ করে কার্টুন/ Accessories সাজানো আছে কি না'),
	(101, 'MCL', '8', 'প্রতিটি কার্টুন/ Accessories Box G Bin Card আছে কি না'),
	(102, 'MCL', '8', 'পরিষ্কার পরিচ্ছন্ন আছে কি না'),
	(103, 'MCL', '8', 'মালামাল প্লেটের উপর রাখা আছে কিনা?'),
	(104, 'MCL', '8', 'নির্ধারিত উচ্চতায় মাল রাখা আছে কিনা?'),
	(105, 'MCL', '8', 'মালের বিন কার্ড লাগানো আছে কিনা?'),
	(106, 'MCL', '8', 'ষ্টোর সেকশনের ঝুঁকি নিরুপন করা আছে কিনা?'),
	(107, 'MCL', '8', 'ক্ষতিকর ও অক্ষতিকর মাল আলাদাভাবে রাখা আছে কিনা?'),
	(108, 'MCL', '8', 'চলমান ও লেফটওভার মাল আলাদাভাবে রাখা আছে কিনা?'),
	(109, 'MCL', '9', 'স্পট রিমুভিং কক্ষে সতর্কতামূলক নির্দেশিকা আছে কি না'),
	(110, 'MCL', '9', 'স্পট রিমুভিং কক্ষে ব্যক্তিগত নিরাপত্তা সরঞ্জামাদি ব্যবহার করা হয় কি না'),
	(111, 'MCL', '9', 'আই ওয়াশ বেসিন Functional আছে কি না'),
	(112, 'MCL', '9', 'ক্যামিকেল ব্যবহারের সময় Secondary containment ব্যবহার করা হয় কি না এবং MSDS লাগানো আছে কি না'),
	(113, 'MCL', '10', 'আইডল মেশিন গুলো নর্দিষ্টি স্থানে রাখা আছে কি না'),
	(114, 'MCL', '10', 'আইডল মেশিনগুলোর নিডল খোলা আছে কি না'),
	(115, 'MCL', '10', 'আইডল মেশিনগুলোতে কভার আছে কি না'),
	(116, 'MCL', '11', ' কাজের সময়ের নোটিশ ও দুপুরের খাবারের সময়সূচী লাগানো আছে কি না'),
	(117, 'MCL', '11', 'ওভারটাইমের নোটিশ লাগানো আছে কি না '),
	(118, 'MCL', '11', 'PCও সেইফটি কমিটির সভার নোটিশ ও রিপোর্ট/ সিদ্ধান্তসমূহ যথাযথভাবে দেয়া হয় কি না'),
	(119, 'MCL', '11', 'ঝুকির কারন হতে পারে এমন যন্ত্রপাতি ও রাসায়নিক দ্রব্যাদির তালিকা প্রদর্শিত আছে কিনা?'),
	(120, 'MCL', '12', 'পর্যাপ্ত ফায়ার ইকুপমেন্ট আছে কিনা'),
	(121, 'MCL', '12', 'লোডিং/ আন লোডিং নির্দেশনাবলী লাগানো আছে কি না'),
	(122, 'MCL', '12', 'FIFO অনুসরণ করে মালামাল লোডিং/ আন লোডিং করা হয় কি না'),
	(123, 'MCL', '12', 'পর্যাপ্ত পরিমাণ আলোর ব্যবস্থা আছে কি না'),
	(124, 'MCL', '12', '‘লোডিং/ আন লোডিং’ সাইন লাগানো আছে কি না'),
	(125, 'MCL', '12', 'নিরাপদ বর্হিগমনে কোন বাধা আছে কি না'),
	(126, 'MCL', '13', 'পানি সরবরাহ পর্যাপ্ত কি না'),
	(127, 'MCL', '13', 'Water Test Report Posted আছে কি না'),
	(128, 'MCL', '14', 'পর্যাপ্ত প্রাথমিক চিকিৎসা বক্স আছে কি না'),
	(129, 'MCL', '14', 'শ্রম আইন অনুযারয় ফার্স্ট এইড বক্সে ঔষধ রাখা আছে কিনা?'),
	(130, 'MCL', '14', 'মেয়াদোত্তীর্ণ কোন ঔষধ বক্সে আছে কি না'),
	(131, 'MCL', '14', 'প্রতি বক্সের জন্য দুই জন করে প্রশিক্ষিত লোক আছে কি না'),
	(132, 'MCL', '14', 'First Aid বক্স তালা বদ্ধ অবস্থায় আছে কি না'),
	(133, 'MCL', '14', 'প্রতি বক্সের জন্য একটি করে ঢাকনা যুক্ত ডাস্টবিন আছে কি না'),
	(134, 'MCL', '14', 'রক্ষনাবেক্ষনকারীদের ছবি বক্সে পোষ্টেড আছে কি না'),
	(135, 'MCL', '15', 'অথরাইজড ব্যক্তিরা ক্যামিকেল স্টোরে কাজ করছে কিনা?'),
	(136, 'MCL', '15', 'কেমিকেলের জন্য পৃথক মগ বা চামচ ব্যবহার করা হয় কিনা?'),
	(137, 'MCL', '15', 'কেমিকেলের লেবেলিং করা আছে কিনা?'),
	(138, 'MCL', '15', 'ক্যামিকেলে জন্য ১০% ধারন সম্পন্ন সেকেন্ডারি কন্টেইনম্যান্ট আছে কিনা?'),
	(139, 'MCL', '15', 'আই ওয়াশ ও গোসলের ব্যবস্থা কার্যকর রয়েছে কিনা?'),
	(140, 'MCL', '15', 'সংশ্লিষ্ঠ ব্যক্তিদের নিয়মিত স্বাস্থ্য পরীক্ষা করা হচ্ছে কিনা?'),
	(141, 'MCL', '15', 'ক্যামিকেল ফাইটারদের লিস্ট রয়েছে কিনা?'),
	(142, 'MCL', '15', 'নিয়মিত ক্যামিকেল ড্রিল করা হয় কিনা?'),
	(143, 'MCL', '15', 'ফোম টাইপ এক্সটিনগুইশার রয়েছে কিনা?'),
	(144, 'MCL', '15', 'ক্যামিকেল স্পিল কিট রয়েছে কিনা?'),
	(145, 'MCL', '15', 'কেমিক্যাল ব্যবস্থাপনা নীতিমালা আছে কি না ?'),
	(146, 'MCL', '15', 'এই নীতিমালা বাস্তবায়নের দায়িত্বশীল ব্যক্তি আছে কি না ?'),
	(147, 'MCL', '15', 'ইন্টারনাল অডিট কার্যক্রম আছে কি না ?'),
	(148, 'MCL', '15', 'উপযুক্ত এম.এস.ডি.এস আছে কি না?'),
	(149, 'MCL', '15', 'ফিফো অনুযায়ী কেমিক্যাল সংরক্ষন করা হয়েছে কি না?'),
	(150, 'MCL', '15', 'কেমিক্যাল ব্যবহারকারীরা কেমিক্যাল ব্যবহারের উপর ট্রেনিং পেয়েছে কিনা?'),
	(151, 'MCL', '15', 'কেমিক্যাল ব্যবহারকারীরা উপযুক্ত পি.পি.ই পরে কাজ করছে কিনা?'),
	(152, 'MCL', '15', 'কেমিক্যালের খালী ড্রাম ধৌত করে রাখার উপযুক্ত স্থান আছে কিনা?'),
	(153, 'MCL', '15', 'কেমিক্যালের সার্টিফিকেট আছে কিনা?'),
	(154, 'MCL', '15', 'কেমিক্যালে ক্রয়ের সময় আর.এস.এল/ এম.আর.এস.এল মেনে ক্রয় করা হচ্ছে কিনা?'),
	(155, 'MCL', '15', 'পারচেজার কেমিক্যাল পলিসি সম্পর্কে জানে কিনা?'),
	(156, 'MCL', '16', 'কক্ষটির পরিবেশ পরিষ্কার পরিচ্ছন্ন ও দূর্গন্ধ মুক্ত কি না'),
	(157, 'MCL', '16', 'মেডিকেল রুমে পর্যাপ্ত ঔষধ সংরক্ষিত আছে কিনা?'),
	(158, 'MCL', '16', 'সকল ঔষধের মেয়াদ আছে কিনা?'),
	(159, 'MCL', '16', 'মেডিকেল বর্জ্য নিয়মিত নিষ্কাষন করা হয় কিনা?'),
	(160, 'MCL', '16', 'মেডিকেল প্রসিডিউর ঝুলানো আছে কিনা?'),
	(161, 'MCL', '16', 'পর্যাপ্ত প্রশিক্ষিত ফার্স্ট এইডার রয়েছে কিনা?'),
	(162, 'MCL', '16', 'পর্যাপ্ত স্মোক ডিটেক্টর ও ফায়ার এক্সটিংগুইসার আছে কি না'),
	(163, 'MCL', '16', 'পর্যাপ্ত চিকিৎসা সরঞ্জামাদি আছে কি না'),
	(164, 'MCL', '16', 'শ্রম বিধি-২০১৫ মোতাবেক শ্রমিকের রেশিও অনুযায়ী পর্যাপ্ত ডাক্তার, নার্স আছে কি না'),
	(165, 'MCL', '16', 'মেডিকেল কক্ষে কর্মরত নার্স সংশ্লিষ্ট বিষয়ের উপর প্রশিক্ষণ প্রাপ্ত কি না।'),
	(166, 'MCL', '16', 'পুরুষ ও মহিলা শ্রমিকের জন্য পৃথক পৃথক বেড আছে কি না এবং তা মার্কিং করা আছে কি না'),
	(167, 'MCL', '17', 'প্রশিক্ষিত চাইল্ড কেয়ার গভর্নেস রয়েছে কিনা?'),
	(168, 'MCL', '17', 'শিশুদের পর্যাপ্ত পুষ্টিকর খাবার দেয়া হয় কিনা?'),
	(169, 'MCL', '17', 'সঠিকভাবে বাচ্চাদের পরিচর্যা করা হয় কিনা'),
	(170, 'MCL', '17', 'বচ্চাদের জন্য প্রয়োজনীয় সকল উপকরণ ( যেমন- বেড, বালিশ, কাথা, কম্বল, খেলনা, বই ও বিনোদনের ব্যবস্থা ইত্যাদি) পর্যাপ্ত পরিমানে আছে কি না'),
	(171, 'MCL', '17', 'ডে-কেয়ার কক্ষের টয়লেট দূর্গন্ধ মুক্ত ও পরিষ্কার পরিচ্ছন্ন্ আছে কি না'),
	(172, 'MCL', '17', 'ডে-কেয়ার কক্ষ সহ আশেপাশের পরিবেশ ঝুকি মুক্ত কি না'),
	(173, 'MCL', '17', 'পর্যাপ্ত স্মোক ডিটেক্টর ও ফায়ার এক্সটিংগুইসার আছে কি না'),
	(174, 'MCL', '17', 'স্বাস্থ্য সম্মত উপায়ে বাচ্চাদের খাবার সংরক্ষণ করা হয় কি না'),
	(175, 'MCL', '18', 'টয়লেট পরিস্কার পরিচ্ছন্ন আছে কি না'),
	(176, 'MCL', '18', 'Not Drinkable Sign ঝরমহ লাগানো আছে কি না'),
	(177, 'MCL', '18', 'টয়লেটে কোন প্রকার দূর্গন্ধ আছে কিনা'),
	(178, 'MCL', '18', 'টয়লেটে পর্যাপ্ত লাইট আছে কি না'),
	(179, 'MCL', '18', 'টয়লেটে সাবান আছে কি না'),
	(180, 'MCL', '18', 'পুরুষ ও মহিলা টয়লেটে পৃথক প্রতীকী চিহ্ন আছে কি না'),
	(181, 'MCL', '18', 'প্রতিটি মহিলা টয়লেটের জন্য একটি করে ঢাকনা যুক্ত ডাস্টবিন আছে কি না'),
	(182, 'MCL', '18', 'টয়লেটে তোয়ালে আছে কি না'),
	(183, 'MCL', '18', 'টয়লেটে সেন্ডেল আছে কি না'),
	(184, 'MCL', '19', 'পর্যাপ্ত স্মোক ডিটেক্টর ও এক্সটিংগুইসার আছে কি না'),
	(185, 'MCL', '19', 'Fabric Godown দেয়াল দ্বারা আবদ্ধ কি না'),
	(186, 'MCL', '19', 'ফেব্রিক সমূহ নির্ধারিত Height বরাবর আছে কি না'),
	(187, 'MCL', '19', 'Fabric সমূহ Floor Plastic Plate/ Rack এর উপর সাজানো আছে কি না'),
	(188, 'MCL', '19', 'ফেব্রিকসমূহ Buyer wise পৃথক ভাবে মার্কিং করা সহ Segregated আছে কি না'),
	(189, 'MCL', '19', 'Fabric Godown এড়ফড়হি পরিষ্কার পরিচ্ছন্ন আছে কি না'),
	(190, 'MCL', '19', 'Fabric Godown এড়ফড়হি কক্ষে ফায়ার রেটেড ডোর আছে কি না'),
	(191, 'MCL', '19', 'সংশ্লিষ্ট এরিয়ায় কর্মরত সকলেই পি.পি.ই ব্যবহার করে কি না'),
	(192, 'MCL', '19', 'কক্ষটি বৈদ্যুতিক সংযোগ মুক্ত কি না '),
	(193, 'MCL', '20', 'পর্যাপ্ত স্মোক ডিটেক্টর ও এক্সটিংগুইসার আছে কি না'),
	(194, 'MCL', '20', 'কক্ষটি বৈদ্যুতিক সংযোগ মুক্ত কি না '),
	(195, 'MCL', '20', 'ফিনিশ Goods Area দেয়াল দ্বারা আবদ্ধ কি না'),
	(196, 'MCL', '20', 'ফিনিশ Goods এর কাটুন Man Height বরাবর আছে কি না'),
	(197, 'MCL', '20', 'ফিনিশ  Goods এর কাটুন সমূহ  Floor Plastic Plate এর উপর সাজানো আছে কি না'),
	(198, 'MCL', '20', 'ফিনিশ Goods এর কাটুন Buyer wise পৃথক ভাবে মার্কিং করা সহ Segregated আছে কি না'),
	(199, 'MCL', '20', 'ফিনিশ Goods Area পরিষ্কার পরিচ্ছন্ন আছে কি না'),
	(200, 'MCL', '20', 'সংশ্লিষ্ট এরিয়ায় কর্মরত সকলেই পি.পি.ই ব্যবহার করে কি না'),
	(201, 'MCL', '20', 'ফিনিশ  Goods কক্ষে ফায়ার রেটেড ডোর আছে কি না'),
	(202, 'MCL', '20', ' ইভাকুয়েশন প্লান লাগানো আছে কিনা'),
	(203, 'MCL', '20', 'কক্ষের সামনে “সংরক্ষিত এরিয়া ” নোটিশ আকারে দেয়া আছে কি না।'),
	(204, 'MCL', '21', 'বর্হিগমন পথ সমূহ চিহ্নিত আছে কি না'),
	(205, 'MCL', '21', 'ইভাকুয়েশন প্লান লাগানো আছে কিনা'),
	(206, 'MCL', '21', 'বর্হিগমন দরজা, সিড়ি ইত্যাদি প্রতিবন্ধক আছে কি না'),
	(207, 'MCL', '21', 'প্রত্যেক বর্হিগমন পথ খোলা আছে কি না'),
	(208, 'MCL', '22', 'ক্যান্টিন নিয়মিত পরিষ্কার করা হচ্ছে কিনা?'),
	(209, 'MCL', '22', 'ক্যান্টিনে সরবরাহকৃত খাবারের মূল্য সহ তালিকা দেয়া আছে কিনা'),
	(210, 'MCL', '22', 'খাবারের মেয়াদ আছে কিনা?'),
	(211, 'MCL', '22', 'বিশুদ্ধ খাবার পানির ব্যবস্থা আছে কি না'),
	(212, 'MCL', '22', 'খাবার পানি পরীক্ষার রিপোর্ট ঝুলানো আছে কিনা? '),
	(213, 'MCL', '22', 'Water Safety Sign লাগানো আছে কি না'),
	(214, 'MCL', '22', 'ক্যান্টিন পরিচালনা নির্দেশিকা আছে কি না'),
	(215, 'MCL', '22', 'সু-স্বাস্থ্যকর পরিবেশ বিরাজমান কি না '),
	(216, 'MCL', '22', 'বসার জায়গা সমূহ (ঝবধঃরহম ঋধপরষরঃরবং) যথাযথভাবে সুসজ্জিত আছে কি না '),
	(217, 'MCL', '22', 'সাবান আছে কি না'),
	(218, 'MCL', '22', 'তোয়ালে আছে কি না'),
	(219, 'MCL', '22', 'ক্যান্টিন বয়ের স্বাস্থ্য পরীক্ষা করা হয় কিনা?'),
	(220, 'MCL', '22', 'খাবারের ক্রয় বিক্রয়ের রেকর্ড রেজিস্টার রাখা হয় কিনা?'),
	(221, 'MCL', '22', 'খাবার কক্ষের ঝুঁকি নিরুপন করা আছে কিনা?'),
	(222, 'MCL', '22', 'ময়লা ফেলার নিধারিত ঝুড়ি আছে কিনা?'),
	(223, 'MCL', '23', 'বিভিন্ন ধরনের আবর্জনা পৃথক ভাবে মার্কিং করা সহ Segregated আছে কি না'),
	(224, 'MCL', '23', 'নিরাপদ বর্হিগমনে কোন বাঁধা আছে কি না'),
	(225, 'MCL', '23', 'সংশ্লিষ্ট এরিয়ায় কর্মরত সকলেই পি.পি.ই ব্যবহার করে কি না'),
	(226, 'MCL', '23', 'পর্যাপ্ত স্মোক ডিটেক্টর ও ফায়ার এক্সটিংগুইসার আছে কি না'),
	(227, 'MCL', '23', 'কক্ষটি বৈদ্যুতিক সংযোগ মুক্ত কি না '),
	(228, 'MCL', '23', 'কক্ষের সামনে “সংরক্ষিত এরিয়া ” নোটিশ আকারে দেয়া আছে কি না।'),
	(229, 'MCL', '23', 'কক্ষটি দেয়াল দ্বারা আবদ্ধ কি না এবং ফায়ার রেটেড ডোর আছে কি না'),
	(230, 'MCL', '24', 'বৃষ্টি হওয়ার পর ছাঁদে পানি জমে থাকে কি না'),
	(231, 'MCL', '24', 'সকল LPS System Functional আছে কি না'),
	(232, 'MCL', '24', 'কারখানার PA System ও সকল Speaker Functional আছে কি না'),
	(233, 'MCL', '24', 'Construction এর কাজ চলা অবস্থায় সেখানে Under Construction কথাটি লেখা আছে কি না'),
	(234, 'MCL', '24', 'সকল ফ্লোরে Hotline Number, No Smoking Zone, Don’t Split, Stair going down/ Stair going up, Exit Sign ইত্যাদি যথাযথভাবে মার্কিং করা আছে কি না'),
	(235, 'MCL', '24', 'সকল ফ্লোরে  Grievance Formation & Settlement Procedure Flow Chart, Medical Procedure Flow Chart আছে কি না'),
	(236, 'MCL', '24', 'প্রত্যেক ফ্লোরে সরবরাহকৃত Idea Share Box এবং প্রত্যেক টয়লেটে সরবরাহকৃত  Grievance Boxআছে কি না'),
	(237, 'MCL', '24', 'কারখানার অভ্যন্তরে Security Point Functional সংশ্লিষ্ট সকল  Securityযথাযথভাবে Register h_vh_fv‡e Maintain করা হয় কি না');
/*!40000 ALTER TABLE `checklist_item` ENABLE KEYS */;


-- Dumping structure for table hr.checklist_serial_insert
CREATE TABLE IF NOT EXISTS `checklist_serial_insert` (
  `csid` int(10) NOT NULL AUTO_INCREMENT,
  `name` varchar(50) CHARACTER SET utf8 COLLATE utf8_unicode_ci NOT NULL,
  PRIMARY KEY (`csid`)
) ENGINE=InnoDB AUTO_INCREMENT=25 DEFAULT CHARSET=latin1;

-- Dumping data for table hr.checklist_serial_insert: ~21 rows (approximately)
/*!40000 ALTER TABLE `checklist_serial_insert` DISABLE KEYS */;
INSERT INTO `checklist_serial_insert` (`csid`, `name`) VALUES
	(1, 'ভবনের নিরাপত্তা'),
	(2, 'অগ্নি নিরাপত্তা'),
	(3, 'ইলেক্ট্রিকাল নিরাপত্তা'),
	(5, 'কমপ্রেসার, জেনেরেটর,বয়লার ও ফায়ার হাইড্রেন্ট পাম্প'),
	(6, 'সুইং,ফিনিশিং,কোয়ালিটি '),
	(7, ' কাটিং'),
	(8, 'ষ্টোর'),
	(9, 'স্পট রিমুভিং কক্ষ'),
	(10, 'আইডল মেশিন'),
	(11, 'নোটিশ বোর্ড'),
	(12, 'লোডিং/ আন লোডিং এরিয়া'),
	(13, 'খাবার পানি'),
	(14, 'প্রাথমিক  চিকিৎসা'),
	(15, 'কমিক্যাল'),
	(16, 'মেডিকেল কক্ষ'),
	(17, 'ডে-কেয়ার'),
	(18, 'টয়লেট'),
	(19, 'Fabric Godown'),
	(20, 'ফিনিশ  Goods Area'),
	(21, 'চলাচল এবং বহি:র্গমন'),
	(22, ' ক্যান্টিন'),
	(23, 'গারবেজ গোডাউন'),
	(24, 'অন্যান্য');
/*!40000 ALTER TABLE `checklist_serial_insert` ENABLE KEYS */;


-- Dumping structure for table hr.department
CREATE TABLE IF NOT EXISTS `department` (
  `deptname` varchar(50) NOT NULL,
  PRIMARY KEY (`deptname`)
) ENGINE=InnoDB DEFAULT CHARSET=latin1;

-- Dumping data for table hr.department: ~6 rows (approximately)
/*!40000 ALTER TABLE `department` DISABLE KEYS */;
INSERT INTO `department` (`deptname`) VALUES
	('Administration'),
	('Compliance'),
	('Human Resource'),
	('Lab'),
	('Maintenance'),
	('Production'),
	('Quality');
/*!40000 ALTER TABLE `department` ENABLE KEYS */;


-- Dumping structure for table hr.empdept
CREATE TABLE IF NOT EXISTS `empdept` (
  `department` varchar(50) NOT NULL,
  PRIMARY KEY (`department`)
) ENGINE=InnoDB DEFAULT CHARSET=latin1;

-- Dumping data for table hr.empdept: ~6 rows (approximately)
/*!40000 ALTER TABLE `empdept` DISABLE KEYS */;
INSERT INTO `empdept` (`department`) VALUES
	('Administration'),
	('Compliance'),
	('Human Resource'),
	('Lab'),
	('Maintenance'),
	('Production'),
	('Quality');
/*!40000 ALTER TABLE `empdept` ENABLE KEYS */;


-- Dumping structure for table hr.empdesignation
CREATE TABLE IF NOT EXISTS `empdesignation` (
  `designation` varchar(50) NOT NULL,
  PRIMARY KEY (`designation`)
) ENGINE=InnoDB DEFAULT CHARSET=latin1;

-- Dumping data for table hr.empdesignation: ~8 rows (approximately)
/*!40000 ALTER TABLE `empdesignation` DISABLE KEYS */;
INSERT INTO `empdesignation` (`designation`) VALUES
	('Asst.Manager'),
	('DGM'),
	('Dpt.Manager'),
	('Executive'),
	('Jr Executive'),
	('Manager'),
	('Sr Executive'),
	('Sr. Factory Manager'),
	('Sr.Manager');
/*!40000 ALTER TABLE `empdesignation` ENABLE KEYS */;


-- Dumping structure for table hr.empsection
CREATE TABLE IF NOT EXISTS `empsection` (
  `esid` int(10) NOT NULL AUTO_INCREMENT,
  `department` varchar(50) DEFAULT NULL,
  `section` varchar(50) DEFAULT NULL,
  PRIMARY KEY (`esid`)
) ENGINE=InnoDB AUTO_INCREMENT=2 DEFAULT CHARSET=latin1;

-- Dumping data for table hr.empsection: ~0 rows (approximately)
/*!40000 ALTER TABLE `empsection` DISABLE KEYS */;
INSERT INTO `empsection` (`esid`, `department`, `section`) VALUES
	(1, 'Production', 'Cutting');
/*!40000 ALTER TABLE `empsection` ENABLE KEYS */;


-- Dumping structure for table hr.eventalbum_insert
CREATE TABLE IF NOT EXISTS `eventalbum_insert` (
  `eaid` int(10) NOT NULL AUTO_INCREMENT,
  `eventname` varchar(50) DEFAULT NULL,
  `eventfile` varchar(50) DEFAULT NULL,
  `edate` varchar(11) DEFAULT NULL,
  PRIMARY KEY (`eaid`)
) ENGINE=InnoDB AUTO_INCREMENT=54 DEFAULT CHARSET=latin1;

-- Dumping data for table hr.eventalbum_insert: ~11 rows (approximately)
/*!40000 ALTER TABLE `eventalbum_insert` DISABLE KEYS */;
INSERT INTO `eventalbum_insert` (`eaid`, `eventname`, `eventfile`, `edate`) VALUES
	(13, 'CIP on 2021 MM', '1613289354MicrosoftTeams1.png', '11-02-2021'),
	(14, 'CIP on 2021 MM', '1613289354MicrosoftTeams2.png', '11-02-2021'),
	(15, 'CIP on 2021 MM', '1613289354MicrosoftTeams-image(86).png', '11-02-2021'),
	(16, 'CIP on 2021 MM', '1613289354MicrosoftTeams-image(87).png', '11-02-2021'),
	(17, 'CIP on 2021 MM', '1613289354MicrosoftTeams-image(88).png', '11-02-2021'),
	(18, 'CIP on 2021 MM', '1613289354MicrosoftTeams-image(90).png', '11-02-2021'),
	(48, 'Pitha Utshob', '1613381544IMG-20210116_115459.jpg', '01-02-2021'),
	(49, 'Pitha Utshob', '1613381544IMG-20210214-WA0013.jpg', '01-02-2021'),
	(50, 'Masco Shakib Cricket Academy', '1613381588IMG-20210214-WA0002.jpg', '15-02-2021'),
	(51, 'Masco Shakib Cricket Academy', '1613381588IMG-20210214-WA0003.jpg', '15-02-2021'),
	(52, 'Masco Shakib Cricket Academy', '1613381588IMG-20210214-WA0004.jpg', '15-02-2021'),
	(53, 'Masco Shakib Cricket Academy', '1613381588IMG-20210214-WA0006.jpg', '15-02-2021');
/*!40000 ALTER TABLE `eventalbum_insert` ENABLE KEYS */;


-- Dumping structure for table hr.factory
CREATE TABLE IF NOT EXISTS `factory` (
  `factoryid` varchar(50) NOT NULL,
  `factoryname` varchar(50) NOT NULL,
  `factory_address` varchar(50) NOT NULL,
  PRIMARY KEY (`factoryid`)
) ENGINE=InnoDB DEFAULT CHARSET=latin1;

-- Dumping data for table hr.factory: ~7 rows (approximately)
/*!40000 ALTER TABLE `factory` DISABLE KEYS */;
INSERT INTO `factory` (`factoryid`, `factoryname`, `factory_address`) VALUES
	('0', 'MG Zone A Central', 'Sataish'),
	('A', 'Zone A', 'Gazipura'),
	('ALL', 'ALL', 'Uattra'),
	('Dyeing', 'Masco Dyeing', 'Sataish'),
	('G1', 'MIL (G1)', 'SHataish Road, Gazipura, Tongi, Gazipur'),
	('G2', 'Masco Industries Ltd(G2)', 'Tongi, Gazipura'),
	('MCL', 'Masco Cottons Ltd', 'Gazipur'),
	('MTL', 'Mascotex Ltd.', 'Gazipura');
/*!40000 ALTER TABLE `factory` ENABLE KEYS */;


-- Dumping structure for table hr.flowchart_album
CREATE TABLE IF NOT EXISTS `flowchart_album` (
  `sid` int(10) NOT NULL AUTO_INCREMENT,
  `unitname` varchar(50) DEFAULT NULL,
  `department` varchar(50) DEFAULT NULL,
  `process` varchar(50) DEFAULT NULL,
  `user` varchar(50) DEFAULT NULL,
  `sname` varchar(50) DEFAULT NULL,
  `sfile` varchar(50) DEFAULT NULL,
  `sdate` date DEFAULT NULL,
  PRIMARY KEY (`sid`)
) ENGINE=InnoDB AUTO_INCREMENT=3 DEFAULT CHARSET=latin1;

-- Dumping data for table hr.flowchart_album: ~2 rows (approximately)
/*!40000 ALTER TABLE `flowchart_album` DISABLE KEYS */;
INSERT INTO `flowchart_album` (`sid`, `unitname`, `department`, `process`, `user`, `sname`, `sfile`, `sdate`) VALUES
	(1, 'Dyeing', 'Administration', 'Recruitment & Selection', '1', 'Transport Driver Recruitment & Selection', 'Driver_Recruitment.pdf', '2021-02-14'),
	(2, '0', 'Human Resource', 'Recruitment & Selection', '1', 'Central Recruitment (Factory Staff)', 'Factory_Staff_Central_Recruitment.pdf', '2021-02-14');
/*!40000 ALTER TABLE `flowchart_album` ENABLE KEYS */;


-- Dumping structure for table hr.notice_album
CREATE TABLE IF NOT EXISTS `notice_album` (
  `nid` int(10) NOT NULL AUTO_INCREMENT,
  `unitname` varchar(50) DEFAULT NULL,
  `name` varchar(50) DEFAULT NULL,
  `nfname` varchar(50) DEFAULT NULL,
  `ndate` date DEFAULT NULL,
  PRIMARY KEY (`nid`)
) ENGINE=InnoDB DEFAULT CHARSET=latin1;

-- Dumping data for table hr.notice_album: ~0 rows (approximately)
/*!40000 ALTER TABLE `notice_album` DISABLE KEYS */;
/*!40000 ALTER TABLE `notice_album` ENABLE KEYS */;


-- Dumping structure for table hr.policy_album
CREATE TABLE IF NOT EXISTS `policy_album` (
  `pid` int(10) NOT NULL AUTO_INCREMENT,
  `unitname` varchar(50) DEFAULT NULL,
  `department` varchar(50) DEFAULT NULL,
  `process` varchar(50) DEFAULT NULL,
  `user` varchar(50) DEFAULT NULL,
  `pname` varchar(50) DEFAULT NULL,
  `pfile` varchar(50) DEFAULT NULL,
  `pdate` date DEFAULT NULL,
  PRIMARY KEY (`pid`)
) ENGINE=InnoDB AUTO_INCREMENT=11 DEFAULT CHARSET=latin1;

-- Dumping data for table hr.policy_album: ~6 rows (approximately)
/*!40000 ALTER TABLE `policy_album` DISABLE KEYS */;
INSERT INTO `policy_album` (`pid`, `unitname`, `department`, `process`, `user`, `pname`, `pfile`, `pdate`) VALUES
	(4, 'ALL', 'Administration', 'Administration', '1', 'Domestic Protoco.3l', 'Domestic_Protoco_3l.pdf', '2021-02-14'),
	(5, 'ALL', 'Administration', 'Administration', '1', 'Office Order-Attendance Mgt (13-01-18)', 'Office_Order-Attendance_Mgt_(13-01-18).pdf', '2021-02-14'),
	(6, 'ALL', 'Administration', 'Administration', '1', 'Overseas Protoco.4l', 'Overseas_Protoco_4l.pdf', '2021-02-14'),
	(7, 'ALL', 'Administration', 'Recruitment & Selection', '1', 'Designation Label Matrix', '', '2021-02-14'),
	(8, 'ALL', 'Human Resource', 'Recruitment & Selection', '1', 'Designation Label Matrix (HRAC)', '', '2021-02-14'),
	(9, 'A', 'Compliance', 'Administration', '1', 'Compliance - Fire & Safety', '', '2021-02-14'),
	(10, 'ALL', 'Human Resource', 'Recruitment & Selection', '1', 'Designation - HRAC', '', '2021-02-15');
/*!40000 ALTER TABLE `policy_album` ENABLE KEYS */;


-- Dumping structure for table hr.preauditinfo
CREATE TABLE IF NOT EXISTS `preauditinfo` (
  `preaid` int(10) NOT NULL AUTO_INCREMENT,
  `factoryname` varchar(10) DEFAULT NULL,
  `buyername` varchar(50) DEFAULT NULL,
  `auditparty` varchar(50) DEFAULT NULL,
  `audittype` varchar(50) DEFAULT NULL,
  `auditscope` varchar(50) DEFAULT NULL,
  `fsl` varchar(10) DEFAULT NULL,
  `findings` varchar(500) DEFAULT NULL,
  `observation` varchar(500) DEFAULT NULL,
  `auditdate` varchar(11) DEFAULT NULL,
  `status` int(11) DEFAULT NULL,
  PRIMARY KEY (`preaid`)
) ENGINE=InnoDB AUTO_INCREMENT=20 DEFAULT CHARSET=latin1;

-- Dumping data for table hr.preauditinfo: ~0 rows (approximately)
/*!40000 ALTER TABLE `preauditinfo` DISABLE KEYS */;
/*!40000 ALTER TABLE `preauditinfo` ENABLE KEYS */;


-- Dumping structure for table hr.preauditinfopdf
CREATE TABLE IF NOT EXISTS `preauditinfopdf` (
  `paupid` int(10) NOT NULL AUTO_INCREMENT,
  `factoryname` varchar(50) NOT NULL,
  `buyername` varchar(50) NOT NULL,
  `audittype` varchar(50) NOT NULL,
  `preauditpdf` varchar(50) NOT NULL,
  `preaudate` varchar(11) NOT NULL,
  PRIMARY KEY (`paupid`)
) ENGINE=InnoDB AUTO_INCREMENT=22 DEFAULT CHARSET=latin1;

-- Dumping data for table hr.preauditinfopdf: ~0 rows (approximately)
/*!40000 ALTER TABLE `preauditinfopdf` DISABLE KEYS */;
/*!40000 ALTER TABLE `preauditinfopdf` ENABLE KEYS */;


-- Dumping structure for table hr.process
CREATE TABLE IF NOT EXISTS `process` (
  `processname` varchar(50) NOT NULL,
  PRIMARY KEY (`processname`)
) ENGINE=InnoDB DEFAULT CHARSET=latin1;

-- Dumping data for table hr.process: ~2 rows (approximately)
/*!40000 ALTER TABLE `process` DISABLE KEYS */;
INSERT INTO `process` (`processname`) VALUES
	('Administration'),
	('Recruitment & Selection');
/*!40000 ALTER TABLE `process` ENABLE KEYS */;


-- Dumping structure for table hr.sop_album
CREATE TABLE IF NOT EXISTS `sop_album` (
  `sid` int(10) NOT NULL AUTO_INCREMENT,
  `unitname` varchar(50) DEFAULT NULL,
  `department` varchar(50) DEFAULT NULL,
  `process` varchar(50) DEFAULT NULL,
  `user` varchar(50) DEFAULT NULL,
  `sname` varchar(50) DEFAULT NULL,
  `sfile` varchar(50) DEFAULT NULL,
  `sdate` date DEFAULT NULL,
  PRIMARY KEY (`sid`)
) ENGINE=InnoDB DEFAULT CHARSET=latin1;

-- Dumping data for table hr.sop_album: ~0 rows (approximately)
/*!40000 ALTER TABLE `sop_album` DISABLE KEYS */;
/*!40000 ALTER TABLE `sop_album` ENABLE KEYS */;


-- Dumping structure for table hr.user
CREATE TABLE IF NOT EXISTS `user` (
  `userid` varchar(10) NOT NULL,
  `unit` varchar(10) DEFAULT NULL,
  `department` varchar(50) DEFAULT NULL,
  `section` varchar(50) DEFAULT NULL,
  `name` varchar(50) DEFAULT NULL,
  `password` varchar(50) DEFAULT NULL,
  `email` varchar(50) DEFAULT NULL,
  `mobile` varchar(15) DEFAULT NULL,
  `designation` varchar(50) DEFAULT NULL,
  `user_type` varchar(50) DEFAULT NULL,
  `image` varchar(50) DEFAULT NULL,
  PRIMARY KEY (`userid`)
) ENGINE=InnoDB DEFAULT CHARSET=latin1;

-- Dumping data for table hr.user: ~26 rows (approximately)
/*!40000 ALTER TABLE `user` DISABLE KEYS */;
INSERT INTO `user` (`userid`, `unit`, `department`, `section`, `name`, `password`, `email`, `mobile`, `designation`, `user_type`, `image`) VALUES
	('1', 'MCL', NULL, NULL, 'admin', '123456', NULL, NULL, NULL, 'Admin', NULL),
	('111692', 'Dyeing', NULL, NULL, 'Md. Tabibur Rahman (Reza)', '123456', 'tabib_tex@mascoknit.com', '0000', 'Sr.Manager', 'User', '111692.jpg'),
	('11696', 'G1', NULL, NULL, 'Md. Mahfuzur Islam', '123456', 'mahfuz@mascoknit.com', '00000000000', 'Sr. Factory Manager', 'User', '11696.jpg'),
	('11703', 'G1', NULL, NULL, 'Ummey Kulsum', '123456', 'ummey@mascoknit.com', '00000000000', 'Sr Executive', 'User', '11703.jpg'),
	('12589', 'Dyeing', NULL, NULL, 'Md. Nasir Uddin Ahmmed', '123456', 'nasir@mascoknit.com', '0000', 'Dpt.Manager', 'User', '12589.jpg'),
	('12627', 'Dyeing', NULL, NULL, 'Md.Faruk Hasan', '123456', 'faruk@mascoknit.com', '0000', 'Asst.Manager', 'User', ''),
	('12790', 'MCL', NULL, NULL, 'Md. Hasanul Kaium', '123456', 'hasan@mascoknit.com', '0000000', 'DGM', 'User', ''),
	('12802', 'MCL', NULL, NULL, 'Kumarash Bairagi', '123456', 'kumarash@mascoknit.com', '0000000', 'Dpt.Manager', 'User', '14456.jpg'),
	('12855', 'MCL', NULL, NULL, 'Shaugatul Alam', '123456', 'shaugatul@mascoknit.com', '00000000000', 'Asst.Manager', 'User', ''),
	('13071', 'G2', NULL, NULL, 'Md. Solaiman Hossain', '123456', 'solaiman@mascoknit.com', '0000', 'Manager', 'User', '13071.jpg'),
	('14459', 'G1', NULL, NULL, 'Md. Sohidul Islam', '123456', 'sohidul@mascoknit.com', '00000', 'Sr.Manager', 'User', '14459.jpg'),
	('14472', 'MCL', NULL, NULL, 'Hillul Alam Shishir', '123456', 'shishir@mascoknit.com', '01730392137', 'Sr. Factory Manager', 'User', '14472.jpg'),
	('18872', 'MCL', NULL, NULL, 'Md. Alomgir Hossain', '123456', 'alomgir_mcl@mascoknit.com', '00000000', 'Sr. Factory Manager', 'User', ''),
	('22422', 'G2', NULL, NULL, 'Gazi Md. Moniruzzaman', '123456', 'monir@mascoknit.com', '0000', 'Manager', 'User', '22422.jpg'),
	('23879', 'G2', NULL, NULL, 'C.R.S Shimul', '123456', 'shimul@mascoknit.com', '0000', 'Sr. Factory Manager', 'User', '23879.jpg'),
	('32000', 'MCL', NULL, NULL, 'Nur Mohammod', '123456', 'nur_mcl@mascoknit.com', '01730392149', 'Asst.Manager', 'User', '32000.jpg'),
	('34250', 'Dyeing', NULL, NULL, 'Dipongkor Saha', '123456', 'dipongkor@mascoknit.com', '0000', 'Manager', 'User', '34250.jpg'),
	('46535', 'MCL', NULL, NULL, 'Humayun Kabir Bangabashi', '123456', 'humayun@mascoknit.com', '000000', 'Manager', 'User', '46535.jpg'),
	('48732', 'G1', NULL, NULL, 'Md. Jafar Ikbal', '123456', 'jafar@mascoknit.com', '00', 'Executive', 'User', ''),
	('49199', 'MCL', NULL, NULL, 'Md. Abul Kalam Azad', '123456', 'azad_mcl@mascoknit.com', '000000', 'Executive', 'User', ''),
	('50442', 'Dyeing', NULL, NULL, 'Md. Rezaul Talukder', '123456', 'rezaul_tex@mascoknit.com', '0000', 'Executive', 'User', ''),
	('55535', 'MCL', NULL, NULL, 'Md. Anwar Hossen', '123456', 'anwar_mcl@mascoknit.com', '00000000', 'Asst.Manager', 'User', '55535.jpg'),
	('58833', 'MTL', NULL, NULL, 'Al Mamun', '123456', 'almamun_tex@mascoknit.com', '0000', 'Dpt.Manager', 'User', ''),
	('74159', 'MCL', NULL, NULL, 'Md. Mirja Faisal', '123456', 'miraj@mascoknit.com', '0000000', 'Sr Executive', 'User', ''),
	('8844', 'G2', NULL, NULL, 'Md. Mostafizur Rahman', '123456', 'mostafiz@mascoknit.com', '0000', 'Sr Executive', 'User', '8844.jpg'),
	('9988', 'Dyeing', NULL, NULL, 'Jahidul Basar', '123456', 'jahidul@mascoknit.com', '0000', 'Executive', 'User', '9988.jpg');
/*!40000 ALTER TABLE `user` ENABLE KEYS */;
/*!40101 SET SQL_MODE=IFNULL(@OLD_SQL_MODE, '') */;
/*!40014 SET FOREIGN_KEY_CHECKS=IF(@OLD_FOREIGN_KEY_CHECKS IS NULL, 1, @OLD_FOREIGN_KEY_CHECKS) */;
/*!40101 SET CHARACTER_SET_CLIENT=@OLD_CHARACTER_SET_CLIENT */;
